{
  "dl_emb_27": 2073.122220516205,
  "dl_emb_16": 993.0367748737335,
  "dl_emb_24": 237.49942898750305,
  "obi_momentum": 216.6162006855011,
  "bid_ask_slope_diff": 149.7741003036499,
  "spread_ratio_mean": 103.56656861305237,
  "cvd_divergence": 90.81057119369507,
  "intraday_strength_zscore": 88.85706996917725,
  "dl_emb_8": 66.35629940032959,
  "dl_emb_10": 64.39902019500732,
  "bid_ask_imbalance_mean": 58.85324048995972,
  "dl_emb_29": 56.47258019447327,
  "dl_emb_13": 50.64722943305969,
  "smc_premium_discount": 45.44962000846863,
  "oir_10_mean": 44.06113910675049,
  "dl_emb_25": 43.965370178222656,
  "vol_acceleration": 42.35955023765564,
  "dl_emb_15": 41.99539041519165,
  "dl_emb_18": 41.45818018913269,
  "dl_emb_14": 41.38289022445679,
  "dl_emb_7": 37.65818977355957,
  "consecutive_same_size_ratio": 37.0892596244812,
  "dl_emb_19": 36.609700202941895,
  "dl_emb_5": 31.759790182113647,
  "dl_emb_3": 30.9372501373291,
  "near_limit_up_accumulation": 27.245739936828613,
  "dl_emb_12": 24.070459842681885,
  "intraday_momentum_log1p_abs": 23.611729621887207,
  "dl_emb_17": 21.835639715194702,
  "ofi_sum": 21.06645965576172,
  "dl_emb_4": 20.853779792785645,
  "close_ap1": 20.463199615478516,
  "poc_distance": 18.525129795074463,
  "intraday_momentum_sub_ofi_acceleration": 18.284549951553345,
  "dl_emb_31": 17.250659942626953,
  "vwap_divergence": 16.858720302581787,
  "book_slope_mean": 16.814670085906982,
  "value_area_breakout": 16.482829809188843,
  "depth_var_last": 16.312479972839355,
  "intraday_momentum": 14.271869659423828,
  "dl_emb_20": 14.040689945220947,
  "dl_emb_6": 13.22087049484253,
  "close_bp1": 12.164370059967041,
  "trade_size_clustering": 11.120850086212158,
  "wmp_divergence_mean": 10.007699966430664,
  "cross_trade_order_divergence": 9.928499698638916,
  "intraday_momentum_sub_consecutive_same_size_ratio": 9.778339862823486,
  "ofi_sum_ma10": 9.570610046386719,
  "dl_emb_11": 9.434030055999756,
  "intraday_momentum_sub_phantom_liquidity": 8.931949853897095
}